%-Population;%-Positive;
0.0;0.0;
0.09125475285171103;0.0034482758620689655;
1.0;1.0;