FP-Rate;TP-Rate;
0.0;0.0;
0.06354515050167224;0.33727810650887574;
1.0;1.0;