FP-Rate;TP-Rate;
0.0;0.0;
0.15099009900990099;0.08006042296072508;
1.0;1.0;