Recall;Precision;
0.0;1.0;
0.3141025641025641;0.5104166666666666;
1.0;0.1482889733840304;