%-Population;%-Positive;
0.0;0.0;
0.09125475285171103;0.07590759075907591;
1.0;1.0;