FP-Rate;TP-Rate;
0.0;0.0;
0.14397321428571427;0.33974358974358976;
1.0;1.0;