FP-Rate;TP-Rate;
0.0;0.0;
0.1942257217847769;0.11724137931034483;
1.0;1.0;