FP-Rate;TP-Rate;
0.0;0.0;
0.31585220500595945;0.26627218934911245;
1.0;1.0;