Recall;Precision;
0.0;1.0;
0.8653846153846154;0.9060402684563759;
0.8782051282051282;0.8896103896103896;
1.0;0.1482889733840304;