Recall;Precision;
0.0;1.0;
0.8448275862068966;0.5314533622559653;
0.8482758620689655;0.5278969957081545;
1.0;0.27566539923954375;