Recall;Precision;
0.0;1.0;
0.6452145214521452;0.8947368421052632;
0.6485148514851485;0.8891402714932126;
1.0;0.5760456273764258;