FP-Rate;TP-Rate;
0.0;0.0;
0.28399518652226236;0.33191489361702126;
0.51985559566787;0.5063829787234042;
1.0;1.0;