%-Population;%-Positive;
0.0;0.0;
0.003968253968253968;0.01680672268907563;
1.0;1.0;