Test;Model;Aggregation;ConfidenceLevel;DatasetDim;KFolds;;Accuracy;;Error;Precision;;Recall;;F-Measure;;PR AUC;;Sensitivity;;Specificity;;TP-Rate;;FP-Rate;;ROC AUC;;Brier;Avg learning time;Var learning time;Avg inference time; Var inference time;
;;;;;;lower bound;;upper bound;;A;B;A;B;A;B;A;B;A;B;A;B;A;B;A;B;A;B;;;;;;
210615_1403_Test;M0_CTNB;;90%;2000;1;0.47127742339761913;0.508;0.5446364499242692;0.492;0.5039370078740157;0.5121951219512195;0.5161290322580645;0.5;0.5099601593625498;0.5060240963855421;0.5294257889411843;0.5163911388761411;0.5161290322580645;0.5;0.5;0.5161290322580645;0.5161290322580645;0.5;0.5;0.4838709677419355;0.5163050435227855;0.5163050435227855;0.4416786071907041;0.905;;0.0010560000000000007;1.6088640000000324E-6;
