FP-Rate;TP-Rate;
0.0;0.0;
0.002229654403567447;0.011834319526627219;
1.0;1.0;