Test;Model;Aggregation;ConfidenceLevel;DatasetDim;KFolds;;Accuracy;;Error;Precision;;Recall;;F-Measure;;PR AUC;;Sensitivity;;Specificity;;TP-Rate;;FP-Rate;;ROC AUC;;Brier;Avg learning time;Var learning time;Avg inference time; Var inference time;
;;;;;;lower bound;;upper bound;;0;1;0;1;0;1;0;1;0;1;0;1;0;1;0;1;0;1;;;;;;
210407_2014_Test;M0_CTNB;;90%;840;1;0.670451516476602;0.7238095238095238;0.7714729659164097;0.2761904761904762;0.7473684210526316;0.7043478260869566;0.6761904761904762;0.7714285714285715;0.7100000000000001;0.7363636363636364;0.8052866980775288;0.7788782096108703;0.6761904761904762;0.7714285714285715;0.7714285714285715;0.6761904761904762;0.6761904761904762;0.7714285714285715;0.22857142857142856;0.3238095238095238;0.7639909297052154;0.767891156462585;0.2680072726678703;0.63;;0.0014714285714285725;7.634693877551053E-7;
