Test;Model;Aggregation;ConfidenceLevel;DatasetDim;KFolds;;Accuracy;;Error;Precision;;Recall;;F-Measure;;PR AUC;;Sensitivity;;Specificity;;TP-Rate;;FP-Rate;;ROC AUC;;Brier;Avg learning time;Var learning time;Avg inference time; Var inference time;
;;;;;;lower bound;;upper bound;;0;1;0;1;0;1;0;1;0;1;0;1;0;1;0;1;0;1;;;;;;
210405_2052_Test;M0_CTNB;;90%;840;1;0.8181161912906416;0.861904761904762;0.8964850993874199;0.13809523809523805;0.8214285714285714;0.9081632653061225;0.9108910891089109;0.8165137614678899;0.863849765258216;0.859903381642512;0.9174632337860084;0.9232152152111044;0.9108910891089109;0.8165137614678899;0.8165137614678899;0.9108910891089109;0.9108910891089109;0.8165137614678899;0.1834862385321101;0.0891089108910891;0.920337905350168;0.9256971568716504;0.13454121517295653;0.571;;0.0015047619047619059;5.928344671201791E-7;
