%-Population;%-Positive;
0.0;0.0;
0.3452157598499062;0.36555891238670696;
1.0;1.0;