%-Population;Lift;
0.0;NaN;
0.12195121951219512;0.2442553191489362;
0.3452157598499062;0.43142923219241447;
1.0;1.0;