%-Population;%-Positive;
0.0;0.0;
0.41064638783269963;0.7827586206896552;
0.41539923954372626;0.7862068965517242;
1.0;1.0;