%-Population;%-Positive;
0.0;0.0;
0.17870722433460076;0.782051282051282;
0.18346007604562736;0.7948717948717948;
1.0;1.0;