%-Population;%-Positive;
0.0;0.0;
0.405893536121673;0.5726072607260726;
0.41064638783269963;0.5759075907590759;
1.0;1.0;