%-Population;Lift;
0.0;NaN;
0.41064638783269963;1.9061621966794378;
0.41539923954372626;1.892653673163418;
1.0;1.0;