%-Population;Lift;
0.0;NaN;
0.17870722433460076;4.376159301691216;
0.18346007604562736;4.332669058057659;
1.0;1.0;