%-Population;Lift;
0.0;NaN;
0.405893536121673;1.4107326423508861;
0.41064638783269963;1.402441633052194;
1.0;1.0;