%-Population;%-Positive;
0.0;0.0;
0.004024144869215292;0.018018018018018018;
1.0;1.0;