Recall;Precision;
0.0;1.0;
0.28217821782178215;0.4081145584725537;
1.0;0.5760456273764258;