Recall;Precision;
0.0;1.0;
0.0026845637583892616;0.034482758620689655;
1.0;0.7494969818913481;