Recall;Precision;
0.0;1.0;
0.01702127659574468;0.03508771929824561;
1.0;0.22045028142589118;