%-Population;%-Positive;
0.0;0.0;
0.34709193245778613;0.33617021276595743;
0.5300187617260788;0.5063829787234042;
1.0;1.0;