%-Population;%-Positive;
0.0;0.0;
0.34709193245778613;0.39644970414201186;
0.5300187617260788;0.6331360946745562;
1.0;1.0;