%-Population;%-Positive;
0.0;0.0;
0.05835010060362173;0.0026845637583892616;
1.0;1.0;