%-Population;%-Positive;
0.0;0.0;
0.14638783269961977;0.9871794871794872;
0.15019011406844107;1.0;
1.0;1.0;