%-Population;%-Positive;
0.0;0.0;
0.27566539923954375;1.0;
0.279467680608365;1.0;
1.0;1.0;