%-Population;Lift;
0.0;NaN;
0.27566539923954375;3.6275862068965514;
0.279467680608365;3.5782312925170063;
1.0;1.0;