Test;Model;Aggregation;ConfidenceLevel;DatasetDim;KFolds;;Accuracy;;Error;Precision;;Recall;;F-Measure;;PR AUC;;Sensitivity;;Specificity;;TP-Rate;;FP-Rate;;ROC AUC;;Brier;Avg learning time;Var learning time;Avg inference time; Var inference time;
;;;;;;lower bound;;upper bound;;A;B;A;B;A;B;A;B;A;B;A;B;A;B;A;B;A;B;;;;;;
210614_1654_Test;M0_CTNB;;90%;2000;1;0.702363967359447;0.736;0.7670952956362572;0.264;0.5297619047619048;0.8403614457831325;0.6267605633802817;0.7793296089385475;0.5741935483870968;0.8086956521739131;0.6040633076475853;0.8647373040382103;0.6267605633802817;0.7793296089385475;0.7793296089385475;0.6267605633802817;0.6267605633802817;0.7793296089385475;0.2206703910614525;0.3732394366197183;0.7590487056416713;0.7590487056416713;0.24960273918702122;1.01;;8.800000000000007E-4;3.216000000000018E-7;
