Recall;Precision;
0.0;1.0;
0.33727810650887574;0.5;
1.0;0.15853658536585366;