Recall;Precision;
0.0;1.0;
0.0034482758620689655;0.010416666666666666;
1.0;0.27566539923954375;