FP-Rate;TP-Rate;
0.0;0.0;
0.25029797377830754;0.28402366863905326;
1.0;1.0;