%-Population;Lift;
0.0;NaN;
0.10694183864915573;0.7486351831239731;
1.0;1.0;