%-Population;%-Positive;
0.0;0.0;
0.00375234521575985;0.011834319526627219;
1.0;1.0;