%-Population;Lift;
0.0;NaN;
0.00375234521575985;3.1538461538461537;
1.0;1.0;