Recall;Precision;
0.0;1.0;
0.49244712990936557;0.5916515426497277;
1.0;0.6210131332082551;