Recall;Precision;
0.0;1.0;
0.33191489361702126;0.2484076433121019;
0.5063829787234042;0.2159709618874773;
1.0;0.22045028142589118;