Recall;Precision;
0.0;1.0;
0.9871794871794872;1.0;
1.0;0.9873417721518988;
1.0;0.1482889733840304;