%-Population;Lift;
0.0;NaN;
0.05835010060362173;0.046007868548947006;
1.0;1.0;