%-Population;%-Positive;
0.0;0.0;
0.18761726078799248;0.20851063829787234;
0.41838649155722324;0.4085106382978723;
1.0;1.0;