FP-Rate;TP-Rate;
0.0;0.0;
0.3333333333333333;0.5689655172413793;
1.0;1.0;