FP-Rate;TP-Rate;
0.0;0.0;
0.5560538116591929;0.28217821782178215;
1.0;1.0;