Recall;Precision;
0.0;1.0;
0.27927927927927926;0.5344827586206896;
1.0;0.11167002012072434;