Recall;Precision;
0.0;1.0;
0.26627218934911245;0.14516129032258066;
1.0;0.16765873015873015;