Test;Model;Aggregation;ConfidenceLevel;DatasetDim;KFolds;;Accuracy;;Error;Precision;;;Recall;;;F-Measure;;;PR AUC;;;Sensitivity;;;Specificity;;;TP-Rate;;;FP-Rate;;;ROC AUC;;;Brier;Avg learning time;Var learning time;Avg inference time; Var inference time;
;;;;;;lower bound;;upper bound;;A;B;C;A;B;C;A;B;C;A;B;C;A;B;C;A;B;C;A;B;C;A;B;C;A;B;C;;;;;;
210614_1648_Test;M0_CTNB;;90%;2000;1;0.39011595501909846;0.426;0.4626807167534351;0.5740000000000001;0.5657142857142857;0.37777777777777777;0.31724137931034485;0.42857142857142855;0.44155844155844154;0.4;0.48768472906403937;0.40718562874251496;0.3538461538461538;0.5590423119468464;0.3384825297182288;0.36984844495989333;0.42857142857142855;0.44155844155844154;0.4;0.7174721189591078;0.676300578034682;0.7428571428571429;0.42857142857142855;0.44155844155844154;0.4;0.2825278810408922;0.3236994219653179;0.2571428571428571;0.6147025217657188;0.55722168005405;0.6008356860530774;0.5060195534746191;1.137;;0.001322000000000001;1.7663160000000006E-6;
