%-Population;%-Positive;
0.0;0.0;
0.3982889733840304;0.532051282051282;
1.0;1.0;