%-Population;%-Positive;
0.0;0.0;
0.3982889733840304;0.28217821782178215;
1.0;1.0;