Test;Model;Aggregation;ConfidenceLevel;DatasetDim;KFolds;;Accuracy;;Error;Precision;;;Recall;;;F-Measure;;;PR AUC;;;Sensitivity;;;Specificity;;;TP-Rate;;;FP-Rate;;;ROC AUC;;;Brier;Avg learning time;Var learning time;Avg inference time; Var inference time;
;;;;;;lower bound;;upper bound;;A;B;C;A;B;C;A;B;C;A;B;C;A;B;C;A;B;C;A;B;C;A;B;C;A;B;C;;;;;;
210615_1106_Test;M0_CTNB;;90%;2000;1;0.3920836513603707;0.428;0.46469148874263494;0.5720000000000001;0.5714285714285714;0.3707865168539326;0.32653061224489793;0.4329004329004329;0.42857142857142855;0.41739130434782606;0.4926108374384236;0.39759036144578314;0.36641221374045796;0.560988426450284;0.3374621261284245;0.3742000042600525;0.4329004329004329;0.42857142857142855;0.41739130434782606;0.7211895910780669;0.676300578034682;0.7428571428571429;0.4329004329004329;0.42857142857142855;0.41739130434782606;0.2788104089219331;0.3236994219653179;0.2571428571428571;0.6168428845008771;0.5581975827640567;0.6050818746470921;0.504172814770379;1.02;;0.001364000000000001;1.5539503999999926E-5;
