Recall;Precision;
0.0;1.0;
0.22485207100591717;0.19;
0.5621301775147929;0.21300448430493274;
1.0;0.15853658536585366;