FP-Rate;TP-Rate;
0.0;0.0;
0.1806020066889632;0.22485207100591717;
0.391304347826087;0.5621301775147929;
1.0;1.0;