%-Population;%-Positive;
0.0;0.0;
0.10694183864915573;0.08006042296072508;
1.0;1.0;