Recall;Precision;
0.0;1.0;
0.3851963746223565;0.5717488789237668;
1.0;0.6210131332082551;