Recall;Precision;
0.0;1.0;
0.9966996699669967;1.0;
1.0;0.9967105263157895;
1.0;0.5760456273764258;