Recall;Precision;
0.0;1.0;
0.10059171597633136;0.13076923076923078;
0.5384615384615384;0.24728260869565216;
1.0;0.15853658536585366;