%-Population;Lift;
0.0;NaN;
0.09125475285171103;0.03778735632183908;
1.0;1.0;