%-Population;%-Positive;
0.0;0.0;
0.5168855534709194;0.49244712990936557;
1.0;1.0;