%-Population;%-Positive;
0.0;0.0;
0.2945590994371482;0.30177514792899407;
0.5168855534709194;0.6272189349112426;
1.0;1.0;