%-Population;%-Positive;
0.0;0.0;
0.2945590994371482;0.33191489361702126;
0.5168855534709194;0.5063829787234042;
1.0;1.0;