FP-Rate;TP-Rate;
0.0;0.0;
0.002336448598130841;0.014492753623188406;
1.0;1.0;