%-Population;%-Positive;
0.0;0.0;
0.17300380228136883;0.15676567656765678;
1.0;1.0;