FP-Rate;TP-Rate;
0.0;0.0;
0.0022650056625141564;0.018018018018018018;
1.0;1.0;