Recall;Precision;
0.0;1.0;
0.39644970414201186;0.1810810810810811;
0.6331360946745562;0.18938053097345134;
1.0;0.15853658536585366;