Recall;Precision;
0.0;1.0;
0.5120845921450151;0.6;
1.0;0.6210131332082551;