%-Population;Lift;
0.0;NaN;
0.14473684210526316;5.9688004303388915;
0.14567669172932332;5.970910479099064;
0.14661654135338345;5.972993475952055;
0.1475563909774436;5.9750499378132895;
0.14849624060150377;5.9770803685117215;
0.14943609022556392;5.979085259201369;
0.15037593984962405;5.941715976331361;
0.1513157894736842;5.943915616156419;
0.15225563909774437;5.946088099934253;
0.15319548872180452;5.948233927469416;
0.15413533834586465;5.9503535863761;
0.1550751879699248;5.952447552447552;
0.15601503759398497;5.954516290012119;
0.15695488721804512;5.956560252276512;
0.15789473684210525;5.958579881656805;
0.1588345864661654;5.923322012534576;
0.15977443609022557;5.888478941872608;
0.16071428571428573;5.854043392504931;
0.16165413533834586;5.820008256501995;
0.162593984962406;5.822758832985601;
0.16353383458646617;5.825477793647555;
0.16823308270676693;5.733099732240256;
0.16917293233082706;5.701249178172255;
0.17011278195488722;5.6697505639282095;
0.17105263157894737;5.63859808830223;
0.17199248120300753;5.607786076890743;
0.17293233082706766;5.611525598147671;
0.17387218045112782;5.581193027346874;
0.17481203007518797;5.551186613221352;
0.17575187969924813;5.521501123311078;
0.17669172932330826;5.525620042804985;
1.0;1.0;