%-Population;%-Positive;
0.0;0.0;
0.12195121951219512;0.10059171597633136;
0.3452157598499062;0.5384615384615384;
1.0;1.0;