%-Population;%-Positive;
0.0;0.0;
0.12195121951219512;0.029787234042553193;
0.3452157598499062;0.14893617021276595;
1.0;1.0;