%-Population;Lift;
0.0;NaN;
0.12195121951219512;0.8248520710059172;
0.3452157598499062;1.559782608695652;
1.0;1.0;