%-Population;Lift;
0.0;NaN;
0.3452157598499062;1.0589288059897544;
1.0;1.0;