Recall;Precision;
0.0;1.0;
0.08006042296072508;0.4649122807017544;
1.0;0.6210131332082551;