%-Population;Lift;
0.0;NaN;
0.2945590994371482;1.1268193522157475;
0.5168855534709194;0.9796810441363865;
1.0;1.0;