%-Population;Lift;
0.0;NaN;
0.5168855534709194;0.9527198556867218;
1.0;1.0;