%-Population;Lift;
0.0;NaN;
0.2945590994371482;1.024497795198432;
0.5168855534709194;1.2134580483037833;
1.0;1.0;