Test;Model;Aggregation;ConfidenceLevel;DatasetDim;KFolds;;Accuracy;;Error;Precision;;;Recall;;;F-Measure;;;PR AUC;;;Sensitivity;;;Specificity;;;TP-Rate;;;FP-Rate;;;ROC AUC;;;Brier;Avg learning time;Var learning time;Avg inference time; Var inference time;
;;;;;;lower bound;;upper bound;;A;B;C;A;B;C;A;B;C;A;B;C;A;B;C;A;B;C;A;B;C;A;B;C;A;B;C;;;;;;
210706_0238_Test;M0_ACTNB4-LL;;90%;2000;1;0.48323735878696084;0.52;0.5565473245177599;0.48;0.6577540106951871;0.410958904109589;0.5;0.5324675324675324;0.5844155844155844;0.40869565217391307;0.5885167464114832;0.4825737265415549;0.44976076555023925;0.65161457258913;0.4326192727908132;0.46957120019112053;0.5324675324675324;0.5844155844155844;0.40869565217391307;0.7620817843866171;0.6271676300578035;0.8779220779220779;0.5324675324675324;0.5844155844155844;0.40869565217391307;0.2379182156133829;0.37283236994219654;0.12207792207792208;0.7074864416871852;0.6342804594249681;0.7283116883116884;0.43507495644668204;113.642;;0.0013020000000000009;1.709079600000016E-5;
