%-Population;%-Positive;
0.0;0.0;
0.438212927756654;0.8448275862068966;
0.4429657794676806;0.8482758620689655;
1.0;1.0;