%-Population;%-Positive;
0.0;0.0;
0.41539923954372626;0.6452145214521452;
0.42015209125475284;0.6485148514851485;
1.0;1.0;