%-Population;%-Positive;
0.0;0.0;
0.14163498098859315;0.8653846153846154;
0.14638783269961977;0.8782051282051282;
1.0;1.0;