%-Population;Lift;
0.0;NaN;
0.41539923954372626;1.5532395344797638;
0.42015209125475284;1.5435240356614846;
1.0;1.0;