%-Population;Lift;
0.0;NaN;
0.14163498098859315;6.109963861641715;
0.14638783269961977;5.999167499167499;
1.0;1.0;