%-Population;Lift;
0.0;NaN;
0.438212927756654;1.927892886528536;
0.4429657794676806;1.9149918602930294;
1.0;1.0;