FP-Rate;TP-Rate;
0.0;0.0;
0.5594059405940595;0.5120845921450151;
1.0;1.0;