%-Population;Lift;
0.0;NaN;
0.41838649155722324;0.9206711554875158;
1.0;1.0;