FP-Rate;TP-Rate;
0.0;0.0;
0.0;0.9966996699669967;
0.004484304932735426;1.0;
1.0;1.0;