FP-Rate;TP-Rate;
0.0;0.0;
0.015625;0.8653846153846154;
0.018973214285714284;0.8782051282051282;
1.0;1.0;