FP-Rate;TP-Rate;
0.0;0.0;
0.1031390134529148;0.6452145214521452;
0.10986547085201794;0.6485148514851485;
1.0;1.0;