FP-Rate;TP-Rate;
0.0;0.0;
0.28346456692913385;0.8448275862068966;
0.2887139107611549;0.8482758620689655;
1.0;1.0;