%-Population;%-Positive;
0.0;0.0;
0.30753968253968256;0.26627218934911245;
1.0;1.0;