%-Population;Lift;
0.0;NaN;
0.30753968253968256;0.8658140866577593;
1.0;1.0;