%-Population;%-Positive;
0.0;0.0;
0.17300380228136883;0.33974358974358976;
1.0;1.0;