%-Population;%-Positive;
0.0;0.0;
0.17300380228136883;0.11724137931034483;
1.0;1.0;