%-Population;Lift;
0.0;NaN;
0.17300380228136883;1.9637926176387717;
1.0;1.0;