%-Population;Lift;
0.0;NaN;
0.17300380228136883;0.6776809397499052;
1.0;1.0;