FP-Rate;TP-Rate;
0.0;0.0;
0.12597547380156077;0.10059171597633136;
0.3088071348940914;0.5384615384615384;
1.0;1.0;