Recall;Precision;
0.0;1.0;
0.28402366863905326;0.18604651162790697;
1.0;0.16765873015873015;