Recall;Precision;
0.0;1.0;
0.018018018018018018;0.5;
1.0;0.11167002012072434;