Recall;Precision;
0.0;1.0;
1.0;0.7525252525252525;
1.0;0.7494969818913481;