Recall;Precision;
0.0;1.0;
0.014492753623188406;0.5;
1.0;0.13883299798792756;