Recall;Precision;
0.0;1.0;
0.9966996699669967;0.5763358778625954;
1.0;0.5760456273764258;