%-Population;Lift;
0.0;NaN;
0.5741444866920152;1.735973597359736;
0.5779467680608364;1.730263157894737;
1.0;1.0;