Recall;Precision;
0.0;1.0;
0.01680672268907563;0.5;
1.0;0.11805555555555555;