%-Population;%-Positive;
0.0;0.0;
0.5300187617260788;0.5120845921450151;
1.0;1.0;