%-Population;Lift;
0.0;NaN;
0.5300187617260788;0.9661631419939577;
1.0;1.0;