%-Population;%-Positive;
0.0;0.0;
0.05835010060362173;0.18115942028985507;
1.0;1.0;