Recall;Precision;
0.0;1.0;
0.20851063829787234;0.245;
0.4085106382978723;0.21524663677130046;
1.0;0.22045028142589118;