Recall;Precision;
0.0;1.0;
0.01282051282051282;0.5;
1.0;0.1482889733840304;