%-Population;%-Positive;
0.0;0.0;
0.41838649155722324;0.3851963746223565;
1.0;1.0;