%-Population;Lift;
0.0;NaN;
0.9961977186311787;1.0005038671806112;
1.0;1.0;