FP-Rate;TP-Rate;
0.0;0.0;
0.11210762331838565;0.07590759075907591;
1.0;1.0;