%-Population;%-Positive;
0.0;0.0;
0.09125475285171103;0.3141025641025641;
1.0;1.0;