Recall;Precision;
0.0;1.0;
1.0;1.0;
1.0;0.9863945578231292;
1.0;0.27566539923954375;