FP-Rate;TP-Rate;
0.0;0.0;
0.35018050541516244;0.33617021276595743;
0.5367027677496992;0.5063829787234042;
1.0;1.0;