FP-Rate;TP-Rate;
0.0;0.0;
0.3377926421404682;0.39644970414201186;
0.5105908584169454;0.6331360946745562;
1.0;1.0;