Recall;Precision;
0.0;1.0;
0.011834319526627219;0.5;
1.0;0.15853658536585366;