%-Population;Lift;
0.0;NaN;
0.003968253968253968;4.235294117647059;
1.0;1.0;