FP-Rate;TP-Rate;
0.0;0.0;
0.052455357142857144;0.3141025641025641;
1.0;1.0;