FP-Rate;TP-Rate;
0.0;0.0;
0.19506726457399104;0.15676567656765678;
1.0;1.0;