Recall;Precision;
0.0;1.0;
0.33617021276595743;0.21351351351351353;
0.5063829787234042;0.21061946902654868;
1.0;0.22045028142589118;