%-Population;%-Positive;
0.0;0.0;
0.33125;0.46808510638297873;
0.3375;0.46808510638297873;
0.34375;0.4787234042553192;
0.35;0.4787234042553192;
0.35625;0.48936170212765956;
0.3625;0.48936170212765956;
0.36875;0.5;
0.375;0.5;
0.38125;0.5106382978723404;
0.3875;0.5212765957446809;
0.39375;0.5319148936170213;
0.4;0.5425531914893617;
0.40625;0.5425531914893617;
0.4125;0.5531914893617021;
0.41875;0.5638297872340425;
0.425;0.574468085106383;
0.43125;0.5851063829787234;
0.4375;0.5957446808510638;
0.44375;0.5957446808510638;
0.45;0.6063829787234043;
0.45625;0.6063829787234043;
0.4625;0.6063829787234043;
0.46875;0.6170212765957447;
0.475;0.6276595744680851;
0.48125;0.6382978723404256;
0.4875;0.6382978723404256;
0.49375;0.6382978723404256;
0.5;0.648936170212766;
0.50625;0.6595744680851063;
0.5125;0.6595744680851063;
0.51875;0.6702127659574468;
0.525;0.6702127659574468;
0.53125;0.6702127659574468;
0.5375;0.6702127659574468;
0.54375;0.6702127659574468;
0.55;0.6808510638297872;
0.55625;0.6914893617021277;
0.5625;0.7021276595744681;
0.56875;0.7021276595744681;
0.575;0.7127659574468085;
0.58125;0.7127659574468085;
0.5875;0.723404255319149;
0.59375;0.7340425531914894;
0.6;0.7446808510638298;
0.60625;0.7553191489361702;
0.6125;0.7659574468085106;
0.61875;0.776595744680851;
0.625;0.7872340425531915;
0.63125;0.7978723404255319;
0.6375;0.8085106382978723;
0.64375;0.8191489361702128;
0.65;0.8191489361702128;
0.65625;0.8297872340425532;
0.6625;0.8404255319148937;
0.66875;0.8404255319148937;
0.675;0.851063829787234;
0.68125;0.8617021276595744;
0.6875;0.8723404255319149;
0.69375;0.8829787234042553;
0.7;0.8936170212765957;
0.70625;0.9042553191489362;
0.7125;0.9042553191489362;
0.71875;0.9042553191489362;
0.725;0.9042553191489362;
0.73125;0.9042553191489362;
0.7375;0.9042553191489362;
0.74375;0.9042553191489362;
0.75;0.9042553191489362;
0.75625;0.9042553191489362;
0.7625;0.9042553191489362;
0.76875;0.9042553191489362;
0.775;0.9042553191489362;
1.0;1.0;