%-Population;Lift;
0.0;NaN;
0.33125;1.4130871136089924;
0.3375;1.3869188337273441;
0.34375;1.3926499032882012;
0.35;1.3677811550151975;
0.35625;1.37364688316536;
0.3625;1.3499633162142333;
0.36875;1.3559322033898304;
0.375;1.3333333333333333;
0.38125;1.339379141960237;
0.3875;1.345229924502402;
0.39375;1.3508949679162443;
0.4;1.3563829787234043;
0.40625;1.3355155482815058;
0.4125;1.3410702772404899;
0.41875;1.3464591933947283;
0.425;1.3516896120150186;
0.43125;1.356768424298489;
0.4375;1.3617021276595744;
0.44375;1.3425232244531013;
0.45;1.3475177304964538;
0.45625;1.3290585835033517;
0.4625;1.3110983323749281;
0.46875;1.3163120567375886;
0.475;1.3213885778275476;
0.48125;1.3263332412268583;
0.4875;1.309328968903437;
0.49375;1.2927551844869378;
0.5;1.297872340425532;
0.50625;1.302863146834778;
0.5125;1.2869745718733783;
0.51875;1.291976416303512;
0.525;1.276595744680851;
0.53125;1.2615769712140175;
0.5375;1.246907471548738;
0.54375;1.2325752017608216;
0.55;1.2379110251450678;
0.55625;1.2431269423858475;
0.5625;1.2482269503546097;
0.56875;1.2345101706803834;
0.575;1.2395929694727104;
0.58125;1.2262640128117135;
0.5875;1.2313263920325939;
0.59375;1.2362821948488243;
0.6;1.2411347517730495;
0.60625;1.2458872559771879;
0.6125;1.2505427702996093;
0.61875;1.255104233827638;
0.625;1.2595744680851064;
0.63125;1.2639561828523278;
0.6375;1.2682519816437212;
0.64375;1.2724643668663498;
0.65;1.260229132569558;
0.65625;1.2644376899696048;
0.6625;1.2685668406262545;
0.66875;1.2567110757605884;
0.675;1.2608353033884947;
0.68125;1.2648838571149716;
0.6875;1.2688588007736943;
0.69375;1.2727621238259537;
0.7;1.276595744680851;
0.70625;1.2803615138392015;
0.7125;1.2691302724897349;
0.71875;1.2580943570767806;
0.725;1.247248716067498;
0.73125;1.2365884706310237;
0.7375;1.2261089073205913;
0.74375;1.21580547112462;
0.75;1.2056737588652482;
0.75625;1.195709512924213;
0.7625;1.1859086152772933;
0.76875;1.1762670818197543;
0.775;1.166781056966369;
1.0;1.0;