%-Population;Lift;
0.0;NaN;
0.3;1.9191919191919191;
0.30625;1.8800247371675944;
0.3125;1.8424242424242425;
0.31875;1.8062982768865123;
0.325;1.7715617715617715;
0.33125;1.7381360777587191;
0.3375;1.7508417508417509;
0.34375;1.71900826446281;
0.35;1.6883116883116884;
0.35625;1.7012227538543327;
0.3625;1.671891327063741;
0.36875;1.6435541859270673;
0.375;1.6161616161616161;
0.38125;1.5896671634376551;
0.3875;1.5640273704789833;
0.39375;1.5392015392015392;
0.4;1.5151515151515151;
0.40625;1.491841491841492;
0.4125;1.4692378328741966;
0.41875;1.447308909995477;
0.425;1.4616755793226381;
0.43125;1.440491875274484;
0.4375;1.4545454545454546;
0.44375;1.4340588988476313;
0.45;1.4141414141414144;
0.45625;1.3947696139476962;
0.4625;1.4086814086814086;
0.46875;1.4222222222222223;
0.475;1.4354066985645932;
0.48125;1.4482487209759938;
0.4875;1.4296814296814297;
0.49375;1.442270809359417;
0.5;1.4242424242424243;
0.50625;1.4066591844369623;
0.5125;1.4190687361419068;
0.51875;1.4311792625045638;
0.525;1.4141414141414144;
0.53125;1.3975044563279857;
0.5375;1.3812544045102186;
0.54375;1.3932427725531173;
0.55;1.4049586776859506;
0.55625;1.3891726251276812;
0.5625;1.4006734006734005;
0.56875;1.3852813852813852;
0.575;1.370223978919631;
0.58125;1.3554903877484523;
0.5875;1.34107027724049;
0.59375;1.3269537480063798;
0.6;1.3383838383838385;
0.60625;1.324586066854108;
0.6125;1.3110698824984541;
0.61875;1.297826752372207;
0.625;1.284848484848485;
0.63125;1.2961296129612963;
0.6375;1.2834224598930482;
0.64375;1.2944983818770226;
0.65;1.2820512820512822;
0.65625;1.292929292929293;
0.6625;1.2807318467695827;
0.66875;1.2914188615123194;
0.675;1.2794612794612796;
0.68125;1.2899638587711983;
0.6875;1.278236914600551;
0.69375;1.2667212667212668;
0.7;1.2770562770562772;
0.70625;1.2872083668543848;
0.7125;1.2971823498139288;
0.71875;1.2859025032938078;
0.725;1.2748171368861025;
0.73125;1.263921263921264;
0.7375;1.2532100667693888;
0.74375;1.2426788897377132;
0.75;1.2525252525252528;
0.75625;1.2421738041572752;
0.7625;1.2518628912071537;
0.76875;1.2613944321261397;
0.775;1.2512218963831867;
0.78125;1.2412121212121212;
0.7875;1.2506012506012507;
0.79375;1.2407539966595085;
0.8;1.2310606060606062;
0.80625;1.221517500587268;
0.8125;1.2121212121212122;
0.81875;1.2028683784408976;
0.825;1.2121212121212122;
0.83125;1.2030075187969924;
0.8375;1.1940298507462688;
0.84375;1.1851851851851851;
0.85;1.1764705882352942;
0.85625;1.1678832116788322;
0.8625;1.1594202898550725;
1.0;1.0;