FP-Rate;TP-Rate;
0.0;0.0;
0.47277227722772275;0.3851963746223565;
1.0;1.0;