FP-Rate;TP-Rate;
0.0;0.0;
0.18170878459687123;0.20851063829787234;
0.42117930204572807;0.4085106382978723;
1.0;1.0;