%-Population;%-Positive;
0.0;0.0;
0.18761726078799248;0.22485207100591717;
0.41838649155722324;0.5621301775147929;
1.0;1.0;