%-Population;Lift;
0.0;NaN;
0.18761726078799248;1.1984615384615385;
0.41838649155722324;1.343566747154191;
1.0;1.0;