%-Population;Lift;
0.0;NaN;
0.18761726078799248;1.1113617021276596;
0.41838649155722324;0.9763953821200267;
1.0;1.0;