%-Population;%-Positive;
0.0;0.0;
0.9961977186311787;0.9966996699669967;
1.0;1.0;