%-Population;%-Positive;
0.0;0.0;
0.05835010060362173;0.27927927927927926;
1.0;1.0;