%-Population;Lift;
0.0;NaN;
0.05835010060362173;3.104697651174413;
1.0;1.0;