%-Population;%-Positive;
0.0;0.0;
0.0038022813688212928;0.01282051282051282;
1.0;1.0;