%-Population;%-Positive;
0.0;0.0;
0.004024144869215292;0.014492753623188406;
1.0;1.0;