%-Population;Lift;
0.0;NaN;
0.9959758551307847;1.004040404040404;
1.0;1.0;