%-Population;Lift;
0.0;NaN;
0.004024144869215292;3.601449275362319;
1.0;1.0;