%-Population;Lift;
0.0;NaN;
0.004024144869215292;4.4774774774774775;
1.0;1.0;