Recall;Precision;
0.0;1.0;
0.30177514792899407;0.1624203821656051;
0.6272189349112426;0.19237749546279492;
1.0;0.15853658536585366;