%-Population;Lift;
0.0;NaN;
0.17300380228136883;0.9061400645559062;
1.0;1.0;