FP-Rate;TP-Rate;
0.0;0.0;
0.9955156950672646;0.9966996699669967;
1.0;1.0;