FP-Rate;TP-Rate;
0.0;0.0;
0.13237063778580024;0.01702127659574468;
1.0;1.0;