%-Population;%-Positive;
0.0;0.0;
0.10694183864915573;0.01702127659574468;
1.0;1.0;