%-Population;%-Positive;
0.0;0.0;
0.5741444866920152;0.9966996699669967;
0.5779467680608364;1.0;
1.0;1.0;