%-Population;Lift;
0.0;NaN;
0.14638783269961977;6.743589743589744;
0.15019011406844107;6.658227848101267;
1.0;1.0;