%-Population;Lift;
0.0;NaN;
0.09125475285171103;3.4420405982905984;
1.0;1.0;