FP-Rate;TP-Rate;
0.0;0.0;
0.2690288713910761;0.7827586206896552;
0.2742782152230971;0.7862068965517242;
1.0;1.0;