FP-Rate;TP-Rate;
0.0;0.0;
0.17937219730941703;0.5726072607260726;
0.1860986547085202;0.5759075907590759;
1.0;1.0;