FP-Rate;TP-Rate;
0.0;0.0;
0.07366071428571429;0.782051282051282;
0.07700892857142858;0.7948717948717948;
1.0;1.0;