%-Population;Lift;
0.0;NaN;
0.6408450704225352;1.277675344789439;
0.6448692152917505;1.2780282486467245;
0.6468812877263581;1.278203054056593;
0.6498993963782697;1.278463232696823;
0.6509054325955734;1.278549422735807;
0.6519114688128773;1.2786353467561522;
0.6529175050301811;1.2787210059875287;
0.6539235412474849;1.276753742901394;
0.6549295774647887;1.2747925236342643;
0.6559356136820925;1.2748836826285668;
0.6569416498993964;1.2749745624222741;
0.6579476861167002;1.275065164296123;
0.6589537223340041;1.2751554895230288;
0.6599597585513078;1.2752455393681454;
0.6609657947686117;1.2753353150889235;
0.6619718309859155;1.2754248179351706;
0.6629778672032193;1.2755140491491075;
0.6639839034205232;1.2735814521049422;
0.6649899396378269;1.2716547025556153;
0.6659959758551308;1.2717492244368296;
0.6670020120724346;1.2698310506443156;
0.6680080482897385;1.26992803428479;
0.6690140845070423;1.2700247262451432;
0.670020120724346;1.2701211278392486;
0.6710261569416499;1.2682168982622783;
0.6720321931589537;1.2683157175581723;
0.6730382293762576;1.266419879415335;
0.6740442655935613;1.2665210858459381;
0.6750503018108652;1.2666219906180298;
0.676056338028169;1.2647371364653244;
0.6770623742454729;1.2648403921138447;
0.6780684104627767;1.262963774321391;
0.6790744466800804;1.261092716877952;
0.6800804828973843;1.2612009054445812;
0.6810865191146881;1.2613087743994924;
0.682092555331992;1.2614163251568966;
0.6830985915492958;1.2615235591226734;
0.6841046277665996;1.2596683774180812;
0.6851106639839034;1.2597778631897427;
0.6861167002012073;1.25988702788876;
0.6871227364185111;1.2580423909518803;
0.6881287726358148;1.2562031476902549;
0.6891348088531187;1.254369274481948;
0.6901408450704225;1.2544856868922065;
0.6911468812877264;1.2546017604017077;
0.6921529175050302;1.2527782113313564;
0.693158953722334;1.250959955581964;
0.6941649899396378;1.2510806341795546;
0.6951710261569416;1.2512009634903214;
0.6961770623742455;1.2513209450285139;
0.6971830985915493;1.251440580299641;
0.6981891348088531;1.251559870800534;
0.6991951710261569;1.25167881801941;
0.7002012072434608;1.2498804289130603;
0.7012072434607646;1.2480872001771735;
0.7022132796780685;1.2482106113343976;
0.7032193158953722;1.2464249023053067;
0.704225352112676;1.2446442953020134;
0.7052313883299799;1.242868768489885;
0.7062374245472837;1.2410983001587028;
0.7112676056338029;1.234208253040069;
0.7122736418511066;1.2324650210442498;
0.7132796780684104;1.2307267064870648;
1.0;1.0;