FP-Rate;TP-Rate;
0.0;0.0;
0.002232142857142857;0.01282051282051282;
1.0;1.0;