FP-Rate;TP-Rate;
0.0;0.0;
0.0;0.925;
0.005952380952380952;0.925;
0.011904761904761904;0.925;
0.017857142857142856;0.925;
0.023809523809523808;0.925;
0.02976190476190476;0.925;
0.03571428571428571;0.925;
0.041666666666666664;0.925;
0.047619047619047616;0.925;
0.05357142857142857;0.925;
0.05357142857142857;0.95;
0.05952380952380952;0.95;
0.06547619047619048;0.95;
0.06547619047619048;0.975;
1.0;1.0;