FP-Rate;TP-Rate;
0.0;0.0;
0.005376344086021506;1.0;
0.010752688172043012;1.0;
0.016129032258064516;1.0;
1.0;1.0;