FP-Rate;TP-Rate;
0.0;0.0;
0.0111731843575419;0.9655172413793104;
0.0111731843575419;1.0;
1.0;1.0;