FP-Rate;TP-Rate;
0.0;0.0;
0.005555555555555556;0.7142857142857143;
1.0;1.0;