FP-Rate;TP-Rate;
0.0;0.0;
0.16853932584269662;0.06666666666666667;
0.17415730337078653;0.06666666666666667;
0.1797752808988764;0.06666666666666667;
0.1853932584269663;0.06666666666666667;
1.0;1.0;