FP-Rate;TP-Rate;
0.0;0.0;
0.03932584269662921;0.3;
0.03932584269662921;0.3333333333333333;
0.03932584269662921;0.36666666666666664;
1.0;1.0;