FP-Rate;TP-Rate;
0.0;0.0;
0.011627906976744186;1.0;
0.01744186046511628;1.0;
0.023255813953488372;1.0;
0.029069767441860465;1.0;
0.03488372093023256;1.0;
0.040697674418604654;1.0;
0.046511627906976744;1.0;
0.05232558139534884;1.0;
0.05813953488372093;1.0;
0.06395348837209303;1.0;
1.0;1.0;