FP-Rate;TP-Rate;
0.0;0.0;
0.0;0.92;
0.0;0.96;
0.0;1.0;
0.00546448087431694;1.0;
0.01092896174863388;1.0;
0.01639344262295082;1.0;
0.02185792349726776;1.0;
0.0273224043715847;1.0;
0.03278688524590164;1.0;
1.0;1.0;