FP-Rate;TP-Rate;
0.0;0.0;
0.0;0.13333333333333333;
0.0056179775280898875;0.13333333333333333;
1.0;1.0;