%-Population;%-Positive;
0.0;0.0;
0.10694183864915573;0.33727810650887574;
1.0;1.0;