%-Population;Lift;
0.0;NaN;
0.10694183864915573;3.1538461538461537;
1.0;1.0;