%-Population;Lift;
0.0;NaN;
0.10694183864915573;0.159163867114595;
1.0;1.0;