FP-Rate;TP-Rate;
0.0;0.0;
0.3118811881188119;0.36555891238670696;
1.0;1.0;