FP-Rate;TP-Rate;
0.0;0.0;
0.148014440433213;0.029787234042553193;
0.4007220216606498;0.14893617021276595;
1.0;1.0;