FP-Rate;TP-Rate;
0.0;0.0;
0.0022497187851518562;0.01680672268907563;
1.0;1.0;