Recall;Precision;
0.0;1.0;
1.0;0.9473684210526315;
1.0;0.9230769230769231;
1.0;0.9;
1.0;0.8780487804878049;
1.0;0.8571428571428571;
1.0;0.8372093023255814;
1.0;0.8181818181818182;
1.0;0.8;
1.0;0.782608695652174;
1.0;0.7659574468085106;
1.0;0.17307692307692307;