Recall;Precision;
0.0;1.0;
0.06666666666666667;0.0625;
0.06666666666666667;0.06060606060606061;
0.06666666666666667;0.058823529411764705;
0.06666666666666667;0.05714285714285714;
1.0;0.14423076923076922;