Recall;Precision;
0.0;1.0;
1.0;0.9565217391304348;
1.0;0.9166666666666666;
1.0;0.88;
1.0;0.10576923076923077;