Recall;Precision;
0.0;1.0;
0.92;1.0;
0.96;1.0;
1.0;1.0;
1.0;0.9615384615384616;
1.0;0.9259259259259259;
1.0;0.8928571428571429;
1.0;0.8620689655172413;
1.0;0.8333333333333334;
1.0;0.8064516129032258;
1.0;0.1201923076923077;