Recall;Precision;
0.0;1.0;
0.9655172413793104;0.9333333333333333;
1.0;0.9354838709677419;
1.0;0.13942307692307693;