Recall;Precision;
0.0;1.0;
0.3;0.5625;
0.3333333333333333;0.5882352941176471;
0.36666666666666664;0.6111111111111112;
1.0;0.14423076923076922;