Recall;Precision;
0.0;1.0;
0.925;1.0;
0.925;0.9736842105263158;
0.925;0.9487179487179487;
0.925;0.925;
0.925;0.9024390243902439;
0.925;0.8809523809523809;
0.925;0.8604651162790697;
0.925;0.8409090909090909;
0.925;0.8222222222222222;
0.925;0.8043478260869565;
0.95;0.8085106382978723;
0.95;0.7916666666666666;
0.95;0.7755102040816326;
0.975;0.78;
1.0;0.19230769230769232;