Recall;Precision;
0.0;1.0;
0.7142857142857143;0.9523809523809523;
1.0;0.1346153846153846;