Recall;Precision;
0.0;1.0;
1.0;0.5555555555555556;
1.0;0.14423076923076922;