Recall;Precision;
0.0;1.0;
0.13333333333333333;1.0;
0.13333333333333333;0.8;
1.0;0.14423076923076922;