Recall;Precision;
0.0;1.0;
1.0;1.0;
1.0;0.9655172413793104;
1.0;0.1346153846153846;