Recall;Precision;
0.0;1.0;
0.18115942028985507;0.43103448275862066;
1.0;0.13883299798792756;