%-Population;Lift;
0.0;NaN;
0.05835010060362173;4.786269027648338;
1.0;1.0;