Recall;Precision;
0.0;1.0;
0.15676567656765678;0.521978021978022;
1.0;0.5760456273764258;