Recall;Precision;
0.0;1.0;
0.11724137931034483;0.18681318681318682;
1.0;0.27566539923954375;