%-Population;Lift;
0.0;NaN;
0.09125475285171103;0.8318206820682069;
1.0;1.0;