FP-Rate;TP-Rate;
0.0;0.0;
0.2931995540691193;0.30177514792899407;
0.496098104793757;0.6272189349112426;
1.0;1.0;