FP-Rate;TP-Rate;
0.0;0.0;
0.556930693069307;0.49244712990936557;
1.0;1.0;