FP-Rate;TP-Rate;
0.0;0.0;
0.2248995983935743;0.0026845637583892616;
1.0;1.0;