FP-Rate;TP-Rate;
0.0;0.0;
0.038551401869158876;0.18115942028985507;
1.0;1.0;