FP-Rate;TP-Rate;
0.0;0.0;
0.030577576443941108;0.27927927927927926;
1.0;1.0;