%-Population;Lift;
0.0;NaN;
0.09523809523809523;7.676470588235294;
0.09623015873015874;7.68465736810188;
0.09722222222222222;7.692677070828331;
0.09821428571428571;7.7005347593582885;
0.0992063492063492;7.708235294117648;
0.1001984126984127;7.63191613278975;
0.10119047619047619;7.640138408304499;
0.10218253968253968;7.565962307252999;
0.10317460317460317;7.5746606334841635;
0.10416666666666667;7.583193277310925;
0.10515873015873016;7.511653718091011;
0.11011904761904762;7.325914149443562;
0.1111111111111111;7.336134453781513;
0.11210317460317461;7.3461738677772;
0.1130952380952381;7.356037151702787;
0.11408730158730158;7.365728900255754;
0.11507936507936507;7.37525354969574;
0.11607142857142858;7.384615384615385;
0.11706349206349206;7.3938185443669;
1.0;1.0;