Test;Model;Aggregation;ConfidenceLevel;DatasetDim;KFolds;;Accuracy;;Error;Precision;;Recall;;F-Measure;;PR AUC;;Sensitivity;;Specificity;;TP-Rate;;FP-Rate;;ROC AUC;;Brier;Avg learning time;Var learning time;Avg inference time; Var inference time;
;;;;;;lower bound;;upper bound;;A;B;A;B;A;B;A;B;A;B;A;B;A;B;A;B;A;B;;;;;;
210614_1645_Test;M0_CTNB;;90%;2000;1;0.6776157501314297;0.712;0.7441018928986095;0.28800000000000003;0.3684210526315789;0.8620689655172413;0.5384615384615384;0.7575757575757576;0.4375;0.8064516129032256;0.3566326416693408;0.8992685952359742;0.5384615384615384;0.7575757575757576;0.7575757575757576;0.5384615384615384;0.5384615384615384;0.7575757575757576;0.24242424242424243;0.46153846153846156;0.7125825563325563;0.7126796814296814;0.2728668243706218;1.047;;0.0010340000000000006;5.2768440000000334E-6;
