Test;Model;Aggregation;ConfidenceLevel;DatasetDim;KFolds;;Accuracy;;Error;Precision;;Recall;;F-Measure;;PR AUC;;Sensitivity;;Specificity;;TP-Rate;;FP-Rate;;ROC AUC;;Brier;Avg learning time;Var learning time;Avg inference time; Var inference time;
;;;;;;lower bound;;upper bound;;A;B;A;B;A;B;A;B;A;B;A;B;A;B;A;B;A;B;;;;;;
210704_2309_Test;M0_CTNB;;90%;2000;1;0.5574603837212136;0.594;0.6295276278109735;0.406;0.6215139442231076;0.5662650602409639;0.5909090909090909;0.597457627118644;0.6058252427184466;0.5814432989690722;0.6710894772060566;0.6119070637404426;0.5909090909090909;0.597457627118644;0.597457627118644;0.5909090909090908;0.5909090909090909;0.597457627118644;0.4025423728813559;0.4090909090909091;0.6432171289162815;0.643209103749358;0.37634992999227096;0.454;;6.220000000000003E-4;4.315115999999984E-6;
