Recall;Precision;
0.0;1.0;
0.5726072607260726;0.8126463700234192;
0.5759075907590759;0.8078703703703703;
1.0;0.5760456273764258;