Recall;Precision;
0.0;1.0;
0.782051282051282;0.648936170212766;
0.7948717948717948;0.6424870466321243;
1.0;0.1482889733840304;