Recall;Precision;
0.0;1.0;
0.7827586206896552;0.5254629629629629;
0.7862068965517242;0.5217391304347826;
1.0;0.27566539923954375;