%-Population;Lift;
0.0;NaN;
0.0038022813688212928;3.371794871794872;
1.0;1.0;