%-Population;%-Positive;
0.0;0.0;
0.3982889733840304;0.5689655172413793;
1.0;1.0;