%-Population;Lift;
0.0;NaN;
0.3982889733840304;1.428524401283845;
1.0;1.0;