%-Population;Lift;
0.0;NaN;
0.3982889733840304;0.7084760982064794;
1.0;1.0;