%-Population;Lift;
0.0;NaN;
0.3982889733840304;1.3358423597087083;
1.0;1.0;