%-Population;Lift;
0.0;NaN;
0.34709193245778613;1.1422037422037423;
0.5300187617260788;1.1945541184479238;
1.0;1.0;