%-Population;Lift;
0.0;NaN;
0.34709193245778613;0.9685336400230018;
0.5300187617260788;0.9554057616268123;
1.0;1.0;