FP-Rate;TP-Rate;
0.0;0.0;
0.12467191601049869;0.0034482758620689655;
1.0;1.0;