Recall;Precision;
0.0;1.0;
0.33974358974358976;0.29120879120879123;
1.0;0.1482889733840304;