%-Population;%-Positive;
0.0;0.0;
0.019230769230769232;0.13333333333333333;
0.02403846153846154;0.13333333333333333;
1.0;1.0;