%-Population;%-Positive;
0.0;0.0;
0.10096153846153846;0.7142857142857143;
1.0;1.0;