%-Population;%-Positive;
0.0;0.0;
0.1346153846153846;1.0;
0.13942307692307693;1.0;
1.0;1.0;