%-Population;%-Positive;
0.0;0.0;
0.1778846153846154;0.925;
0.18269230769230768;0.925;
0.1875;0.925;
0.19230769230769232;0.925;
0.1971153846153846;0.925;
0.20192307692307693;0.925;
0.20673076923076922;0.925;
0.21153846153846154;0.925;
0.21634615384615385;0.925;
0.22115384615384615;0.925;
0.22596153846153846;0.95;
0.23076923076923078;0.95;
0.23557692307692307;0.95;
0.2403846153846154;0.975;
1.0;1.0;