%-Population;%-Positive;
0.0;0.0;
0.11057692307692307;1.0;
0.11538461538461539;1.0;
0.1201923076923077;1.0;
1.0;1.0;