%-Population;%-Positive;
0.0;0.0;
0.11057692307692307;0.92;
0.11538461538461539;0.96;
0.1201923076923077;1.0;
0.125;1.0;
0.12980769230769232;1.0;
0.1346153846153846;1.0;
0.13942307692307693;1.0;
0.14423076923076922;1.0;
0.14903846153846154;1.0;
1.0;1.0;