%-Population;%-Positive;
0.0;0.0;
0.14423076923076922;0.9655172413793104;
0.14903846153846154;1.0;
1.0;1.0;