%-Population;%-Positive;
0.0;0.0;
0.18269230769230768;1.0;
0.1875;1.0;
0.19230769230769232;1.0;
0.1971153846153846;1.0;
0.20192307692307693;1.0;
0.20673076923076922;1.0;
0.21153846153846154;1.0;
0.21634615384615385;1.0;
0.22115384615384615;1.0;
0.22596153846153846;1.0;
1.0;1.0;