%-Population;%-Positive;
0.0;0.0;
0.15384615384615385;0.06666666666666667;
0.15865384615384615;0.06666666666666667;
0.16346153846153846;0.06666666666666667;
0.16826923076923078;0.06666666666666667;
1.0;1.0;