%-Population;%-Positive;
0.0;0.0;
0.07692307692307693;0.3;
0.08173076923076923;0.3333333333333333;
0.08653846153846154;0.36666666666666664;
1.0;1.0;