%-Population;Lift;
0.0;NaN;
0.10096153846153846;7.074829931972789;
1.0;1.0;