%-Population;Lift;
0.0;NaN;
0.11057692307692307;9.043478260869566;
0.11538461538461539;8.666666666666666;
0.1201923076923077;8.32;
1.0;1.0;