%-Population;Lift;
0.0;NaN;
0.019230769230769232;6.933333333333334;
0.02403846153846154;5.546666666666668;
1.0;1.0;