%-Population;Lift;
0.0;NaN;
0.1778846153846154;5.199999999999999;
0.18269230769230768;5.063157894736842;
0.1875;4.933333333333333;
0.19230769230769232;4.81;
0.1971153846153846;4.692682926829268;
0.20192307692307693;4.580952380952381;
0.20673076923076922;4.474418604651162;
0.21153846153846154;4.372727272727273;
0.21634615384615385;4.275555555555555;
0.22115384615384615;4.182608695652174;
0.22596153846153846;4.204255319148936;
0.23076923076923078;4.116666666666666;
0.23557692307692307;4.032653061224489;
0.2403846153846154;4.056;
1.0;1.0;