%-Population;Lift;
0.0;NaN;
0.25961538461538464;3.8518518518518525;
1.0;1.0;