%-Population;Lift;
0.0;NaN;
0.18269230769230768;5.473684210526316;
0.1875;5.333333333333334;
0.19230769230769232;5.2;
0.1971153846153846;5.073170731707317;
0.20192307692307693;4.9523809523809526;
0.20673076923076922;4.837209302325582;
0.21153846153846154;4.7272727272727275;
0.21634615384615385;4.622222222222223;
0.22115384615384615;4.521739130434783;
0.22596153846153846;4.425531914893617;
1.0;1.0;