%-Population;Lift;
0.0;NaN;
0.07692307692307693;3.9000000000000004;
0.08173076923076923;4.07843137254902;
0.08653846153846154;4.237037037037037;
1.0;1.0;