%-Population;Lift;
0.0;NaN;
0.14423076923076922;6.240000000000001;
1.0;1.0;