%-Population;Lift;
0.0;NaN;
0.14423076923076922;6.694252873563218;
0.14903846153846154;6.709677419354838;
1.0;1.0;