%-Population;Lift;
0.0;NaN;
0.15384615384615385;0.43333333333333335;
0.15865384615384615;0.42020202020202024;
0.16346153846153846;0.407843137254902;
0.16826923076923078;0.3961904761904762;
1.0;1.0;