%-Population;Lift;
0.0;NaN;
0.11057692307692307;8.32;
0.11538461538461539;8.32;
0.1201923076923077;8.32;
0.125;8.0;
0.12980769230769232;7.703703703703703;
0.1346153846153846;7.428571428571429;
0.13942307692307693;7.1724137931034475;
0.14423076923076922;6.933333333333334;
0.14903846153846154;6.709677419354838;
1.0;1.0;