%-Population;Lift;
0.0;NaN;
0.1346153846153846;7.428571428571429;
1.0;1.0;