%-Population;%-Positive;
0.0;0.0;
0.25595238095238093;0.28402366863905326;
1.0;1.0;