%-Population;Lift;
0.0;NaN;
0.25595238095238093;1.1096738681711849;
1.0;1.0;