FP-Rate;TP-Rate;
0.0;0.0;
0.0;0.9871794871794872;
0.002232142857142857;1.0;
1.0;1.0;