Recall;Precision;
0.0;1.0;
0.532051282051282;0.19809069212410502;
1.0;0.1482889733840304;