Recall;Precision;
0.0;1.0;
0.5689655172413793;0.3937947494033413;
1.0;0.27566539923954375;