Recall;Precision;
0.0;1.0;
0.36555891238670696;0.657608695652174;
1.0;0.6210131332082551;