Recall;Precision;
0.0;1.0;
0.029787234042553193;0.05384615384615385;
0.14893617021276595;0.09510869565217392;
1.0;0.22045028142589118;