Test;Model;Aggregation;ConfidenceLevel;DatasetDim;KFolds;;Accuracy;;Error;Precision;;Recall;;F-Measure;;PR AUC;;Sensitivity;;Specificity;;TP-Rate;;FP-Rate;;ROC AUC;;Brier;Avg learning time;Var learning time;Avg inference time; Var inference time;
;;;;;;lower bound;;upper bound;;A;B;A;B;A;B;A;B;A;B;A;B;A;B;A;B;A;B;;;;;;
210615_1102_Test;M0_CTNB;;90%;2000;1;0.8069646845004343;0.836;0.8614179950188732;0.16400000000000003;0.9033333333333333;0.735;0.8364197530864198;0.8352272727272727;0.8685897435897436;0.7819148936170213;0.9503879018423984;0.8786302352848321;0.8364197530864198;0.8352272727272727;0.8352272727272727;0.8364197530864197;0.8364197530864198;0.8352272727272727;0.16477272727272727;0.16358024691358025;0.9185167648709316;0.9187710437710438;0.15574794955900814;0.921;;9.360000000000006E-4;1.3343903999999975E-5;
