Recall;Precision;
0.0;1.0;
0.07590759075907591;0.4791666666666667;
1.0;0.5760456273764258;